Episode, Steps, Reward, Time (in milliseconds)
1, 441, -44.000000000000355, 196
2, 441, -44.000000000000355, 252
3, 441, -70.10000000000011, 160
4, 441, -93.30000000000015, 253
5, 441, -44.000000000000355, 166
6, 441, -44.000000000000355, 333
7, 441, -46.900000000000354, 299
8, 441, -104.89999999999976, 264
9, 441, -44.000000000000355, 240
10, 441, -48.50000000000035, 184
11, 441, -44.000000000000355, 188
12, 441, -44.90000000000037, 245
13, 441, -44.900000000000354, 215
14, 441, -44.90000000000037, 241
15, 441, -49.80000000000035, 296
16, 441, -77.99999999999976, 254
17, 441, -44.000000000000355, 279
18, 441, -49.40000000000035, 318
19, 441, -46.70000000000039, 295
20, 441, -69.19999999999997, 295
21, 441, -44.000000000000355, 279
22, 441, -47.60000000000042, 300
23, 441, -44.000000000000355, 327
24, 441, -48.50000000000036, 353
25, 441, -44.000000000000355, 390
26, 441, -46.900000000000354, 345
27, 441, -50.30000000000043, 284
28, 441, -49.80000000000035, 359
29, 441, -44.000000000000355, 353
30, 441, -46.900000000000354, 371
31, 441, -49.40000000000045, 405
32, 441, -44.000000000000355, 374
33, 441, -44.000000000000355, 409
34, 441, -44.000000000000355, 447
35, 441, -48.50000000000036, 440
36, 441, -44.90000000000037, 351
37, 441, -44.000000000000355, 411
38, 441, -49.80000000000035, 429
39, 441, -48.50000000000035, 420
40, 441, -50.7000000000004, 487
41, 441, -58.50000000000043, 503
42, 441, -44.000000000000355, 457
43, 441, -47.600000000000364, 416
44, 441, -46.900000000000354, 440
45, 441, -44.000000000000355, 536
46, 441, -45.80000000000035, 494
47, 441, -44.90000000000037, 494
48, 441, -58.50000000000035, 572
49, 441, -44.000000000000355, 470
50, 441, -44.900000000000354, 502
51, 441, -44.000000000000355, 496
52, 441, -49.80000000000035, 504
53, 441, -44.900000000000354, 535
54, 441, -55.70000000000042, 488
55, 441, -44.900000000000354, 540
56, 441, -46.900000000000354, 537
57, 441, -46.900000000000404, 526
58, 441, -46.90000000000037, 499
59, 441, -44.90000000000037, 555
60, 441, -44.000000000000355, 533
61, 441, -44.000000000000355, 605
62, 441, -70.10000000000026, 605
63, 441, -49.8000000000004, 602
64, 441, -44.000000000000355, 628
65, 441, -46.90000000000037, 519
66, 441, -46.900000000000354, 539
67, 441, -44.000000000000355, 562
68, 441, -46.70000000000035, 608
69, 441, -53.00000000000038, 584
70, 441, -71.59999999999984, 596
71, 441, -52.70000000000035, 596
72, 441, -46.900000000000404, 659
73, 441, -45.80000000000035, 628
74, 441, -45.80000000000038, 637
75, 441, -44.000000000000355, 591
76, 441, -46.70000000000039, 679
77, 441, -46.900000000000404, 637
78, 441, -46.900000000000354, 672
79, 441, -44.000000000000355, 636
80, 441, -44.000000000000355, 737
81, 441, -44.000000000000355, 646
82, 441, -44.000000000000355, 648
83, 441, -46.70000000000035, 620
84, 441, -44.000000000000355, 699
85, 441, -44.900000000000354, 712
86, 441, -44.000000000000355, 621
87, 441, -44.000000000000355, 650
88, 441, -54.80000000000034, 730
89, 441, -52.70000000000045, 700
90, 441, -44.900000000000354, 654
91, 441, -44.90000000000037, 692
92, 441, -44.000000000000355, 688
93, 441, -46.900000000000404, 656
94, 441, -64.30000000000044, 725
95, 441, -44.000000000000355, 811
96, 441, -46.900000000000354, 738
97, 441, -46.900000000000404, 678
98, 441, -51.20000000000035, 693
99, 441, -44.000000000000355, 721
100, 441, -44.90000000000037, 714
101, 441, -75.89999999999954, 679
102, 441, -44.000000000000355, 773
103, 441, -52.70000000000046, 768
104, 441, -49.80000000000042, 699
105, 441, -46.900000000000354, 708
106, 441, -44.000000000000355, 783
107, 441, -48.50000000000036, 750
108, 441, -49.4000000000004, 785
109, 441, -48.50000000000035, 733
110, 441, -51.200000000000344, 761
111, 441, -44.000000000000355, 740
112, 441, -46.900000000000404, 803
113, 441, -44.900000000000354, 725
114, 441, -44.000000000000355, 762
115, 441, -46.70000000000035, 795
116, 441, -62.300000000000495, 770
117, 441, -44.000000000000355, 819
118, 441, -44.000000000000355, 743
119, 441, -44.900000000000354, 790
120, 441, -44.000000000000355, 797
121, 441, -46.900000000000354, 788
122, 441, -45.80000000000039, 876
123, 441, -44.90000000000037, 819
124, 441, -50.300000000000345, 812
125, 441, -44.90000000000037, 818
126, 441, -48.70000000000035, 756
127, 441, -44.900000000000354, 810
128, 441, -44.000000000000355, 797
129, 441, -44.900000000000354, 785
130, 441, -46.70000000000039, 817
131, 441, -51.600000000000456, 829
132, 441, -45.80000000000039, 806
133, 441, -44.90000000000037, 825
134, 441, -45.80000000000035, 897
135, 441, -46.90000000000039, 888
136, 441, -44.90000000000037, 825
137, 441, -44.000000000000355, 847
138, 441, -98.20000000000006, 843
139, 441, -44.000000000000355, 838
140, 441, -44.900000000000354, 873
141, 441, -44.000000000000355, 848
142, 441, -52.70000000000035, 858
143, 441, -46.9000000000004, 873
144, 441, -44.000000000000355, 844
145, 441, -44.000000000000355, 849
146, 441, -46.700000000000365, 872
147, 441, -44.000000000000355, 924
148, 441, -46.900000000000354, 866
149, 441, -45.80000000000035, 880
150, 441, -52.10000000000034, 846
151, 441, -52.70000000000043, 854
152, 441, -48.7000000000004, 880
153, 441, -46.900000000000354, 859
154, 441, -49.80000000000035, 894
155, 441, -44.000000000000355, 899
156, 441, -44.000000000000355, 923
157, 441, -44.000000000000355, 921
158, 441, -44.90000000000037, 934
159, 441, -44.000000000000355, 939
160, 441, -51.200000000000344, 877
161, 441, -47.60000000000041, 899
162, 441, -44.000000000000355, 933
163, 441, -44.000000000000355, 906
164, 441, -44.90000000000037, 898
165, 441, -47.600000000000364, 959
166, 441, -46.900000000000354, 916
167, 441, -44.000000000000355, 914
168, 441, -47.60000000000038, 894
169, 441, -44.000000000000355, 914
170, 441, -72.99999999999991, 931
171, 441, -49.80000000000035, 921
172, 441, -48.50000000000043, 960
173, 441, -52.50000000000045, 974
174, 441, -46.90000000000037, 947
175, 441, -44.000000000000355, 906
176, 441, -44.000000000000355, 974
177, 441, -47.60000000000037, 936
178, 441, -45.80000000000035, 893
179, 441, -44.000000000000355, 944
180, 441, -55.60000000000035, 959
181, 441, -44.000000000000355, 987
182, 441, -46.900000000000404, 981
183, 441, -45.80000000000037, 980
184, 441, -44.000000000000355, 961
185, 441, -44.900000000000354, 943
186, 441, -44.000000000000355, 970
187, 441, -45.80000000000035, 987
188, 441, -44.000000000000355, 951
189, 441, -44.000000000000355, 976
190, 441, -44.000000000000355, 987
191, 441, -56.60000000000055, 1027
192, 441, -46.900000000000354, 1014
193, 441, -49.80000000000046, 973
194, 441, -44.000000000000355, 1000
195, 441, -44.000000000000355, 966
196, 441, -44.90000000000037, 1031
197, 441, -44.000000000000355, 1017
198, 441, -44.900000000000354, 966
199, 441, -44.90000000000037, 1031
200, 441, -44.000000000000355, 1041
201, 441, -46.9000000000004, 1048
202, 441, -44.000000000000355, 1094
203, 441, -44.000000000000355, 994
204, 441, -46.900000000000354, 1062
205, 441, -44.000000000000355, 987
206, 441, -44.900000000000354, 1002
207, 441, -46.900000000000354, 1023
208, 441, -93.29999999999981, 1013
209, 441, -44.000000000000355, 1004
210, 441, -58.50000000000053, 1056
211, 441, -79.99999999999935, 1053
212, 441, -44.90000000000037, 1028
213, 441, -44.000000000000355, 1051
214, 441, -44.000000000000355, 1040
215, 441, -49.80000000000035, 1048
216, 441, -44.000000000000355, 1047
217, 441, -44.000000000000355, 1068
218, 441, -44.90000000000037, 1097
219, 441, -44.000000000000355, 1046
220, 441, -49.8000000000004, 1079
221, 441, -44.90000000000037, 1089
222, 441, -44.000000000000355, 1060
223, 441, -44.90000000000037, 1051
224, 441, -44.000000000000355, 1057
225, 441, -44.900000000000354, 1069
226, 441, -44.90000000000037, 1064
227, 441, -44.000000000000355, 1077
228, 441, -45.80000000000037, 1079
229, 441, -46.900000000000404, 1055
230, 441, -44.000000000000355, 1035
231, 441, -44.90000000000037, 1131
232, 441, -46.900000000000404, 1103
233, 441, -44.000000000000355, 1055
234, 441, -47.60000000000035, 1069
235, 441, -44.000000000000355, 1072
236, 441, -44.000000000000355, 1089
237, 441, -44.000000000000355, 1074
238, 441, -46.90000000000037, 1181
239, 441, -44.90000000000037, 1047
240, 441, -44.000000000000355, 1124
241, 441, -80.5999999999994, 1072
242, 441, -44.000000000000355, 1071
243, 441, -44.000000000000355, 1064
244, 441, -44.90000000000037, 1070
245, 441, -45.80000000000039, 1080
246, 441, -44.000000000000355, 1091
247, 441, -50.300000000000345, 1095
248, 441, -44.000000000000355, 1098
249, 441, -44.000000000000355, 1124
250, 441, -45.80000000000037, 1136
251, 441, -44.000000000000355, 1172
252, 441, -44.000000000000355, 1132
253, 441, -74.79999999999973, 1138
254, 441, -44.000000000000355, 1132
255, 441, -44.90000000000037, 1164
256, 441, -46.900000000000404, 1114
257, 441, -44.90000000000037, 1132
258, 441, -48.70000000000043, 1110
259, 441, -46.70000000000035, 1147
260, 441, -44.000000000000355, 1183
261, 441, -68.30000000000001, 1159
262, 441, -46.900000000000404, 1144
263, 441, -44.90000000000037, 1215
264, 441, -49.80000000000046, 1201
265, 441, -44.000000000000355, 1133
266, 441, -44.000000000000355, 1172
267, 441, -47.60000000000041, 1127
268, 441, -46.900000000000404, 1181
269, 441, -44.000000000000355, 1154
270, 441, -44.000000000000355, 1116
271, 441, -49.800000000000445, 1172
272, 441, -44.000000000000355, 1139
273, 441, -49.80000000000035, 1192
274, 441, -44.000000000000355, 1113
275, 441, -44.90000000000037, 1181
276, 441, -70.30000000000032, 1141
277, 441, -56.60000000000053, 1181
278, 441, -44.000000000000355, 1155
279, 441, -61.100000000000506, 1205
280, 441, -44.000000000000355, 1180
281, 441, -44.000000000000355, 1189
282, 441, -49.80000000000035, 1171
283, 441, -44.000000000000355, 1159
284, 441, -44.90000000000037, 1235
285, 441, -44.000000000000355, 1228
286, 441, -44.000000000000355, 1243
287, 441, -44.000000000000355, 1205
288, 441, -44.000000000000355, 1163
289, 441, -73.00000000000033, 1236
290, 441, -47.80000000000035, 1272
291, 441, -47.80000000000035, 1259
292, 441, -61.4000000000004, 1290
293, 441, -44.000000000000355, 1201
294, 441, -44.000000000000355, 1497
295, 441, -44.90000000000037, 1501
296, 441, -44.900000000000354, 1470
297, 441, -44.000000000000355, 1466
298, 441, -46.700000000000365, 1233
299, 441, -55.600000000000435, 1236
300, 441, -44.000000000000355, 1202
301, 441, -44.000000000000355, 1261
302, 441, -44.000000000000355, 1181
303, 441, -44.000000000000355, 1270
304, 441, -44.000000000000355, 1200
305, 441, -44.90000000000037, 1203
306, 441, -48.7000000000004, 1256
307, 441, -44.000000000000355, 1258
308, 441, -44.000000000000355, 1247
309, 441, -46.900000000000354, 1224
310, 441, -44.000000000000355, 1230
311, 441, -45.80000000000035, 1287
312, 441, -47.80000000000039, 1201
313, 441, -45.80000000000038, 1220
314, 441, -44.000000000000355, 1224
315, 441, -44.90000000000037, 1225
316, 441, -44.000000000000355, 1285
317, 441, -44.900000000000354, 1225
318, 441, -44.900000000000354, 1265
319, 441, -44.900000000000354, 1198
320, 441, -63.200000000000486, 1209
321, 441, -44.900000000000354, 1315
322, 441, -44.000000000000355, 1309
323, 441, -44.000000000000355, 1299
324, 441, -47.80000000000035, 1249
325, 441, -45.80000000000035, 1234
326, 441, -73.89999999999984, 1335
327, 441, -44.000000000000355, 1179
328, 441, -45.900000000000354, 1318
329, 441, -49.80000000000046, 1341
330, 441, -44.000000000000355, 1338
331, 441, -44.90000000000037, 1268
332, 441, -44.000000000000355, 1228
333, 441, -44.90000000000037, 1233
334, 441, -44.000000000000355, 1324
335, 441, -44.000000000000355, 1253
336, 441, -44.000000000000355, 1253
337, 441, -44.000000000000355, 1282
338, 441, -44.000000000000355, 1244
339, 441, -49.8000000000004, 1331
340, 441, -44.000000000000355, 1258
341, 441, -44.90000000000037, 1287
342, 441, -44.000000000000355, 1282
343, 441, -44.000000000000355, 1296
344, 441, -44.000000000000355, 1265
345, 441, -44.900000000000354, 1297
346, 441, -45.80000000000038, 1312
347, 441, -55.600000000000456, 1241
348, 441, -44.000000000000355, 1315
349, 441, -128.0999999999993, 1254
350, 441, -44.000000000000355, 1318
351, 441, -46.900000000000354, 1309
352, 441, -44.000000000000355, 1220
353, 441, -44.000000000000355, 1248
354, 441, -64.30000000000037, 1373
355, 441, -51.300000000000395, 1253
356, 441, -44.000000000000355, 1373
357, 441, -44.000000000000355, 1287
358, 441, -54.80000000000039, 1313
359, 441, -61.40000000000051, 1278
360, 441, -44.900000000000354, 1343
361, 441, -44.000000000000355, 1390
362, 441, -49.80000000000035, 1282
363, 441, -46.70000000000039, 1363
364, 441, -44.000000000000355, 1315
365, 441, -44.000000000000355, 1309
366, 441, -44.90000000000037, 1352
367, 441, -44.90000000000037, 1281
368, 441, -50.300000000000345, 1416
369, 441, -132.19999999999976, 1263
370, 441, -44.000000000000355, 1305
371, 441, -44.000000000000355, 1291
372, 441, -44.90000000000037, 1289
373, 441, -55.60000000000035, 1331
374, 441, -44.90000000000037, 1444
375, 441, -46.700000000000365, 1320
376, 441, -44.000000000000355, 1427
377, 441, -44.000000000000355, 1288
378, 441, -44.000000000000355, 1432
379, 441, -44.000000000000355, 1308
380, 441, -44.90000000000037, 1319
381, 441, -44.90000000000037, 1538
382, 441, -44.000000000000355, 1356
383, 441, -44.000000000000355, 1463
384, 441, -45.80000000000035, 1349
385, 441, -44.000000000000355, 1364
386, 441, -44.000000000000355, 1317
387, 441, -44.000000000000355, 1344
388, 441, -44.900000000000354, 1358
389, 441, -44.000000000000355, 1467
390, 441, -44.000000000000355, 1349
391, 170, -18.700000000000003, 1317
392, 441, -44.90000000000037, 1302
393, 441, -48.5000000000004, 1375
394, 441, -44.000000000000355, 1360
395, 441, -47.80000000000035, 1340
396, 430, -45.80000000000034, 1314
397, 441, -44.90000000000037, 1472
398, 441, -75.89999999999962, 1460
399, 441, -44.000000000000355, 1359
400, 441, -46.900000000000354, 1345
401, 441, -44.90000000000037, 1368
402, 441, -44.000000000000355, 1491
403, 441, -44.000000000000355, 1375
404, 441, -93.29999999999924, 1478
405, 441, -44.000000000000355, 1344
406, 441, -44.000000000000355, 1366
407, 441, -44.000000000000355, 1376
408, 441, -44.900000000000354, 1337
409, 441, -44.000000000000355, 1332
410, 441, -52.7000000000004, 1396
411, 441, -44.000000000000355, 1398
412, 441, -45.80000000000039, 1462
413, 441, -44.000000000000355, 1400
414, 441, -46.700000000000394, 1491
415, 441, -44.000000000000355, 1360
416, 441, -44.000000000000355, 1373
417, 441, -45.80000000000038, 1329
418, 441, -44.000000000000355, 1354
419, 441, -53.00000000000048, 1373
420, 441, -44.000000000000355, 1424
421, 441, -44.000000000000355, 1377
422, 333, -34.1000000000002, 1498
423, 441, -44.000000000000355, 1399
424, 256, -27.300000000000125, 1397
425, 441, -44.000000000000355, 1472
426, 441, -45.80000000000038, 1499
427, 441, -46.900000000000354, 1440
428, 441, -47.80000000000042, 1500
429, 441, -44.90000000000037, 1500
430, 441, -46.9000000000004, 1434
431, 441, -44.000000000000355, 1468
432, 318, -38.00000000000024, 1415
433, 441, -46.900000000000404, 1520
434, 441, -44.90000000000037, 1412
435, 441, -44.000000000000355, 1490
436, 441, -44.000000000000355, 1420
437, 441, -48.5000000000004, 1511
438, 274, -30.20000000000017, 1478
439, 441, -45.900000000000354, 1432
440, 441, -45.900000000000354, 1597
441, 441, -44.90000000000037, 1495
442, 441, -48.70000000000035, 1412
443, 441, -49.40000000000039, 1434
444, 441, -44.90000000000037, 1421
445, 441, -47.60000000000042, 1460
446, 441, -44.000000000000355, 1438
447, 441, -78.79999999999934, 1550
448, 441, -44.000000000000355, 1550
449, 441, -44.000000000000355, 1475
450, 408, -78.3999999999995, 1425
451, 441, -49.40000000000044, 1448
452, 441, -44.90000000000037, 1420
453, 441, -44.90000000000037, 1440
454, 441, -44.90000000000037, 1411
455, 441, -47.80000000000035, 1404
456, 441, -47.70000000000035, 1436
457, 441, -44.000000000000355, 1399
458, 441, -44.000000000000355, 1448
459, 441, -52.70000000000035, 1418
460, 441, -44.000000000000355, 1474
461, 441, -44.000000000000355, 1450
462, 441, -44.90000000000037, 1435
463, 441, -44.90000000000037, 1407
464, 441, -45.90000000000039, 1467
465, 398, -42.50000000000029, 1426
466, 441, -44.000000000000355, 1395
467, 441, -44.000000000000355, 1435
468, 441, -44.000000000000355, 1467
469, 441, -49.80000000000035, 1438
470, 278, -29.600000000000122, 1440
471, 175, -17.399999999999977, 1446
472, 441, -44.000000000000355, 1422
473, 441, -44.000000000000355, 1418
474, 441, -58.50000000000035, 1462
475, 441, -44.000000000000355, 1424
476, 441, -44.000000000000355, 1443
477, 441, -46.900000000000354, 1413
478, 441, -44.000000000000355, 1472
479, 441, -44.000000000000355, 1433
480, 441, -44.000000000000355, 1412
481, 389, -42.60000000000028, 1458
482, 441, -46.900000000000354, 1403
483, 313, -34.800000000000225, 1492
484, 441, -44.000000000000355, 1428
485, 441, -44.000000000000355, 1439
486, 304, -31.20000000000016, 1466
487, 441, -44.000000000000355, 1438
488, 441, -44.90000000000037, 1383
489, 441, -44.90000000000037, 1439
490, 441, -44.90000000000037, 1440
491, 441, -55.70000000000056, 1441
492, 441, -44.000000000000355, 1447
493, 441, -44.000000000000355, 1464
494, 441, -45.80000000000038, 1422
495, 441, -44.000000000000355, 1450
496, 441, -46.900000000000404, 1471
497, 441, -44.000000000000355, 1449
498, 238, -24.60000000000008, 1489
499, 441, -44.000000000000355, 1436
500, 441, -44.000000000000355, 1439
501, 384, -45.900000000000276, 1463
502, 283, -46.500000000000234, 1442
503, 147, -16.39999999999997, 1532
504, 168, -20.500000000000018, 1494
505, 441, -44.90000000000037, 1423
506, 441, -44.000000000000355, 1451
507, 130, -15.799999999999963, 1452
508, 441, -44.000000000000355, 1450
509, 441, -44.90000000000037, 1501
510, 441, -44.000000000000355, 1462
511, 441, -49.80000000000035, 1481
512, 441, -44.000000000000355, 1491
513, 441, -44.000000000000355, 1468
514, 441, -44.000000000000355, 1421
515, 249, -30.400000000000148, 1488
516, 441, -45.80000000000038, 1468
517, 441, -44.000000000000355, 1440
518, 441, -44.000000000000355, 1444
519, 441, -44.000000000000355, 1462
520, 441, -44.000000000000355, 1469
521, 441, -44.000000000000355, 1511
522, 95, -12.299999999999978, 1500
523, 179, -18.699999999999996, 1481
524, 385, -38.400000000000276, 1488
525, 441, -44.900000000000354, 1502
526, 441, -46.700000000000394, 1479
527, 441, -44.000000000000355, 1483
528, 441, -44.000000000000355, 1470
529, 441, -44.000000000000355, 1477
530, 441, -44.000000000000355, 1472
531, 441, -44.000000000000355, 1488
532, 306, -32.300000000000175, 1506
533, 441, -44.000000000000355, 1503
534, 441, -44.000000000000355, 1457
535, 441, -44.000000000000355, 1493
536, 441, -47.80000000000036, 1509
537, 441, -44.000000000000355, 1459
538, 441, -44.000000000000355, 1495
539, 441, -44.000000000000355, 1493
540, 441, -44.900000000000354, 1492
541, 441, -46.900000000000354, 1554
542, 441, -44.000000000000355, 1511
543, 279, -28.700000000000138, 1465
544, 441, -44.000000000000355, 1502
545, 441, -44.000000000000355, 1480
546, 441, -44.000000000000355, 1537
547, 441, -44.000000000000355, 1489
548, 264, -28.10000000000012, 1476
549, 441, -44.000000000000355, 1503
550, 221, -22.90000000000005, 1470
551, 441, -44.000000000000355, 1484
552, 441, -61.40000000000035, 1497
553, 441, -44.90000000000037, 1532
554, 441, -44.000000000000355, 1473
555, 441, -61.40000000000035, 1495
556, 368, -52.00000000000023, 1462
557, 142, -14.999999999999966, 1512
558, 441, -44.000000000000355, 1514
559, 441, -44.000000000000355, 1503
560, 194, -19.300000000000004, 1543
561, 441, -44.000000000000355, 1505
562, 441, -44.000000000000355, 1532
563, 285, -31.10000000000018, 1531
564, 441, -44.000000000000355, 1467
565, 112, -12.999999999999977, 1501
566, 441, -44.000000000000355, 1519
567, 441, -44.000000000000355, 1523
568, 163, -16.19999999999996, 1556
569, 118, -12.599999999999975, 1494
570, 441, -46.900000000000354, 1484
571, 407, -40.60000000000031, 1464
572, 176, -22.30000000000003, 1495
573, 441, -47.600000000000385, 1489
574, 441, -44.000000000000355, 1567
575, 161, -16.899999999999974, 1489
576, 441, -44.000000000000355, 1495
577, 441, -47.60000000000041, 1510
578, 441, -45.80000000000035, 1547
579, 141, -15.799999999999967, 1553
580, 441, -44.000000000000355, 1602
581, 236, -23.500000000000064, 1636
582, 441, -46.900000000000354, 1571
583, 216, -22.400000000000034, 1530
584, 99, -11.599999999999982, 1503
585, 441, -44.000000000000355, 1569
586, 441, -44.000000000000355, 1552
587, 441, -44.000000000000355, 1691
588, 441, -44.000000000000355, 1700
589, 441, -44.90000000000037, 1519
590, 313, -31.200000000000173, 1569
591, 441, -47.80000000000035, 1516
592, 441, -44.000000000000355, 1721
593, 169, -18.699999999999967, 1532
594, 157, -17.399999999999984, 1596
595, 441, -44.000000000000355, 1707
596, 244, -26.10000000000009, 1606
597, 441, -44.000000000000355, 1540
598, 342, -34.100000000000215, 1527
599, 246, -29.00000000000016, 1546
600, 416, -44.40000000000032, 1554
601, 441, -44.000000000000355, 1603
602, 199, -19.80000000000001, 1580
603, 192, -19.1, 1538
604, 441, -44.000000000000355, 1533
605, 135, -13.399999999999968, 1555
606, 441, -55.30000000000038, 1579
607, 441, -44.000000000000355, 1648
608, 441, -44.000000000000355, 1650
609, 132, -14.99999999999997, 1569
610, 253, -26.100000000000104, 1498
611, 183, -20.900000000000002, 1534
612, 441, -44.000000000000355, 1571
613, 109, -13.499999999999966, 1699
614, 441, -44.000000000000355, 1577
615, 441, -44.000000000000355, 1590
616, 217, -21.600000000000037, 1543
617, 441, -44.000000000000355, 1492
618, 441, -44.000000000000355, 1528
619, 133, -13.199999999999969, 1536
620, 441, -44.000000000000355, 1602
621, 441, -44.000000000000355, 1495
622, 331, -37.50000000000023, 1521
623, 441, -45.80000000000038, 1575
624, 441, -44.90000000000037, 1588
625, 221, -22.000000000000043, 1554
626, 284, -28.300000000000132, 1530
627, 394, -42.20000000000029, 1647
628, 441, -51.20000000000037, 1577
629, 441, -44.90000000000037, 1686
630, 441, -67.00000000000018, 1596
631, 118, -12.599999999999975, 1558
632, 238, -24.600000000000083, 1582
633, 441, -44.000000000000355, 1620
634, 294, -29.300000000000146, 1538
635, 144, -14.299999999999965, 1531
636, 201, -20.900000000000027, 1558
637, 441, -44.90000000000037, 1553
638, 441, -44.900000000000354, 1580
639, 220, -23.80000000000004, 1756
640, 391, -39.000000000000284, 1644
641, 441, -44.90000000000037, 1644
642, 156, -15.499999999999961, 1551
643, 229, -22.800000000000054, 1543
644, 441, -45.80000000000038, 1563
645, 441, -44.90000000000036, 1578
646, 441, -44.000000000000355, 1580
647, 248, -27.400000000000112, 1553
648, 140, -13.899999999999967, 1547
649, 125, -12.399999999999972, 1592
650, 110, -10.899999999999977, 1582
651, 168, -18.5, 1597
652, 205, -20.40000000000002, 1581
653, 441, -44.000000000000355, 1546
654, 271, -27.000000000000114, 1593
655, 327, -47.100000000000186, 1548
656, 165, -17.29999999999998, 1580
657, 441, -44.90000000000037, 1579
658, 311, -31.900000000000183, 1634
659, 193, -21.000000000000014, 1602
660, 441, -74.79999999999973, 1562
661, 441, -46.900000000000354, 1541
662, 378, -37.700000000000266, 1592
663, 298, -32.40000000000016, 1560
664, 174, -18.199999999999992, 1603
665, 441, -53.00000000000045, 1552
666, 441, -50.300000000000345, 1579
667, 441, -44.000000000000355, 1580
668, 185, -20.19999999999999, 1531
669, 181, -17.999999999999986, 1534
670, 151, -17.899999999999995, 1588
671, 251, -25.000000000000085, 1557
672, 323, -37.90000000000022, 1617
673, 441, -44.000000000000355, 1632
674, 441, -49.4000000000004, 1553
675, 441, -47.600000000000364, 1614
676, 441, -49.80000000000035, 1549
677, 441, -44.000000000000355, 1628
678, 441, -45.80000000000038, 1606
679, 441, -44.000000000000355, 1665
680, 128, -13.599999999999968, 1620
681, 441, -45.80000000000038, 1621
682, 165, -16.399999999999963, 1611
683, 441, -48.70000000000037, 1621
684, 441, -44.000000000000355, 1603
685, 258, -29.40000000000009, 1646
686, 441, -44.000000000000355, 1601
687, 441, -90.39999999999988, 1607
688, 441, -44.000000000000355, 1596
689, 441, -44.000000000000355, 1600
690, 441, -44.000000000000355, 1573
691, 441, -44.000000000000355, 1678
692, 441, -44.000000000000355, 1652
693, 240, -24.800000000000082, 1540
694, 179, -19.600000000000016, 1579
695, 441, -44.000000000000355, 1603
696, 183, -18.19999999999999, 1627
697, 132, -13.999999999999968, 1573
698, 116, -15.299999999999976, 1712
699, 292, -30.900000000000155, 1654
700, 441, -44.900000000000354, 1608
701, 441, -44.90000000000037, 1577
702, 356, -38.40000000000023, 1602
703, 232, -25.000000000000057, 1577
704, 441, -44.000000000000355, 1675
705, 213, -24.100000000000083, 1601
706, 144, -15.199999999999966, 1627
707, 117, -11.599999999999975, 1589
708, 313, -32.10000000000017, 1578
709, 117, -11.599999999999975, 1616
710, 441, -46.700000000000365, 1576
711, 168, -16.699999999999967, 1702
712, 205, -26.000000000000075, 1606
713, 118, -13.499999999999968, 1598
714, 441, -49.80000000000035, 1630
715, 143, -14.199999999999966, 1566
716, 441, -44.000000000000355, 1602
717, 193, -22.900000000000027, 1654
718, 441, -44.000000000000355, 1620
719, 126, -13.399999999999972, 1620
720, 144, -18.099999999999994, 1651
721, 99, -11.599999999999978, 1591
722, 283, -28.20000000000013, 1556
723, 247, -24.60000000000008, 1542
724, 441, -44.000000000000355, 1599
725, 105, -10.399999999999979, 1622
726, 256, -25.500000000000092, 1617
727, 304, -35.000000000000156, 1629
728, 441, -44.000000000000355, 1565
729, 162, -16.09999999999996, 1596
730, 441, -44.000000000000355, 1654
731, 441, -46.700000000000394, 1702
732, 98, -9.699999999999982, 1593
733, 134, -13.299999999999969, 1633
734, 357, -35.600000000000236, 1612
735, 103, -10.19999999999998, 1628
736, 247, -27.300000000000075, 1719
737, 109, -10.799999999999978, 1583
738, 441, -44.900000000000354, 1600
739, 200, -19.900000000000013, 1642
740, 166, -22.300000000000068, 1629
741, 118, -11.699999999999974, 1605
742, 271, -32.40000000000019, 1583
743, 441, -45.90000000000039, 1614
744, 290, -29.800000000000157, 1574
745, 441, -46.900000000000354, 1628
746, 107, -11.499999999999979, 1602
747, 151, -14.999999999999963, 1636
748, 289, -29.700000000000138, 1641
749, 441, -44.000000000000355, 1658
750, 193, -19.200000000000003, 1612
751, 441, -44.000000000000355, 1610
752, 189, -18.799999999999997, 1586
753, 95, -11.19999999999998, 1611
754, 441, -44.000000000000355, 1665
755, 441, -44.000000000000355, 1657
756, 115, -12.299999999999976, 1725
757, 145, -15.299999999999962, 1623
758, 134, -14.199999999999969, 1634
759, 104, -10.29999999999998, 1652
760, 441, -44.000000000000355, 1593
761, 337, -36.30000000000025, 1606
762, 111, -12.799999999999978, 1674
763, 141, -16.799999999999976, 1674
764, 128, -13.599999999999971, 1637
765, 356, -38.20000000000023, 1646
766, 126, -13.399999999999968, 1624
767, 441, -44.90000000000037, 1649
768, 218, -21.70000000000004, 1703
769, 180, -17.899999999999984, 1610
770, 152, -16.899999999999974, 1634
771, 149, -14.799999999999963, 1610
772, 77, -12.399999999999983, 1624
773, 441, -48.50000000000036, 1616
774, 441, -44.900000000000354, 1660
775, 113, -11.199999999999976, 1603
776, 178, -17.69999999999998, 1644
777, 441, -44.000000000000355, 1649
778, 344, -39.00000000000023, 1637
779, 441, -44.90000000000037, 1678
780, 116, -11.499999999999975, 1649
781, 441, -44.000000000000355, 1641
782, 126, -13.399999999999972, 1701
783, 107, -10.599999999999978, 1666
784, 441, -44.90000000000037, 1636
785, 441, -44.000000000000355, 1661
786, 108, -11.599999999999978, 1650
787, 126, -12.499999999999972, 1714
788, 105, -10.399999999999979, 1712
789, 441, -48.5000000000004, 1655
790, 441, -44.90000000000037, 1697
791, 94, -9.299999999999983, 1659
792, 81, -9.899999999999988, 1650
793, 441, -44.000000000000355, 1723
794, 278, -36.40000000000012, 1639
795, 441, -44.000000000000355, 1594
796, 105, -10.399999999999979, 1617
797, 85, -10.299999999999986, 1722
798, 105, -10.399999999999979, 1668
799, 139, -16.499999999999975, 1669
800, 102, -10.99999999999998, 1764
801, 153, -15.199999999999962, 1812
802, 392, -40.000000000000284, 1709
803, 441, -48.70000000000039, 1729
804, 441, -44.000000000000355, 1721
805, 240, -28.400000000000123, 1782
806, 107, -11.499999999999979, 1773
807, 100, -10.799999999999981, 1752
808, 196, -20.400000000000006, 1706
809, 114, -12.199999999999976, 1725
810, 441, -44.90000000000037, 1729
811, 127, -13.499999999999972, 1800
812, 95, -9.399999999999983, 1729
813, 117, -12.499999999999975, 1692
814, 188, -18.699999999999996, 1675
815, 97, -9.599999999999982, 1719
816, 441, -44.000000000000355, 1658
817, 441, -44.000000000000355, 1734
818, 135, -13.399999999999968, 1696
819, 129, -12.79999999999997, 1607
820, 166, -17.399999999999977, 1635
821, 100, -10.799999999999978, 1648
822, 250, -25.800000000000082, 1592
823, 196, -22.400000000000055, 1726
824, 205, -23.10000000000005, 1741
825, 441, -44.000000000000355, 1664
826, 347, -41.100000000000215, 1639
827, 441, -70.10000000000008, 1660
828, 441, -44.000000000000355, 1603
829, 97, -9.599999999999982, 1657
830, 208, -21.600000000000023, 1734
831, 127, -12.599999999999971, 1649
832, 108, -12.499999999999972, 1693
833, 137, -15.399999999999965, 1648
834, 441, -44.000000000000355, 1678
835, 441, -44.000000000000355, 1700
836, 97, -9.599999999999982, 1722
837, 102, -10.99999999999998, 1670
838, 441, -44.000000000000355, 1729
839, 91, -9.899999999999984, 1650
840, 163, -19.100000000000012, 1642
841, 191, -19.900000000000013, 1694
842, 129, -12.79999999999997, 1737
843, 441, -44.000000000000355, 1755
844, 104, -12.19999999999998, 1734
845, 102, -10.09999999999998, 1608
846, 276, -27.50000000000012, 1726
847, 138, -13.699999999999967, 1681
851, 289, -33.30000000000022, 1636
852, 235, -23.400000000000063, 1649
853, 114, -12.199999999999976, 1658
854, 109, -12.599999999999975, 1787
855, 152, -18.70000000000001, 1741
856, 114, -13.099999999999973, 1654
857, 75, -9.29999999999999, 1689
858, 105, -10.399999999999979, 1693
859, 147, -14.599999999999964, 1697
860, 104, -10.29999999999998, 1702
861, 110, -11.799999999999974, 1694
862, 116, -14.399999999999975, 1731
863, 441, -44.000000000000355, 1666
864, 378, -39.50000000000026, 1695
865, 106, -12.29999999999998, 1654
866, 97, -9.599999999999982, 1753
867, 94, -9.299999999999983, 1742
868, 124, -13.199999999999973, 1631
869, 128, -12.69999999999997, 1665
870, 107, -10.599999999999978, 1667
871, 166, -16.499999999999964, 1685
872, 146, -14.499999999999964, 1694
873, 82, -13.799999999999988, 1691
874, 90, -8.899999999999984, 1681
875, 118, -13.499999999999975, 1662
876, 93, -10.09999999999998, 1700
877, 326, -32.50000000000019, 1820
878, 166, -16.499999999999964, 1708
879, 104, -10.29999999999998, 1695
880, 140, -13.899999999999967, 1753
881, 125, -13.299999999999972, 1720
882, 153, -16.099999999999962, 1673
883, 441, -44.90000000000037, 1665
884, 104, -11.19999999999998, 1805
885, 221, -24.800000000000058, 1672
886, 113, -13.999999999999977, 1673
887, 302, -33.000000000000206, 1753
888, 312, -34.00000000000022, 1716
889, 114, -11.299999999999976, 1713
890, 102, -10.09999999999998, 1720
891, 441, -44.90000000000037, 1770
892, 104, -10.29999999999998, 1747
893, 169, -18.6, 1731
894, 213, -25.00000000000006, 1745
895, 441, -44.000000000000355, 1670
896, 105, -10.399999999999979, 1739
897, 103, -10.19999999999998, 1745
898, 330, -34.70000000000022, 1672
899, 113, -11.199999999999976, 1657
900, 88, -10.599999999999985, 1717
901, 87, -8.599999999999985, 1733
902, 168, -17.599999999999984, 1712
903, 441, -44.000000000000355, 1769
904, 90, -8.899999999999984, 1709
905, 118, -11.699999999999974, 1698
906, 93, -9.199999999999983, 1706
907, 224, -23.20000000000006, 1701
908, 146, -16.39999999999997, 1653
909, 94, -10.199999999999983, 1710
910, 182, -19.000000000000004, 1679
911, 125, -12.399999999999972, 1687
912, 272, -27.100000000000115, 1667
913, 93, -11.899999999999977, 1699
914, 108, -10.699999999999978, 1677
915, 407, -42.40000000000032, 1686
916, 441, -44.900000000000354, 1709
917, 90, -8.899999999999984, 1724
918, 108, -10.699999999999978, 1718
919, 90, -8.899999999999984, 1710
920, 303, -30.20000000000016, 1699
921, 108, -10.699999999999978, 1685
922, 212, -21.10000000000003, 1665
923, 107, -10.599999999999978, 1735
924, 119, -12.69999999999997, 1699
925, 153, -26.8000000000001, 1683
926, 94, -9.299999999999983, 1727
927, 122, -12.099999999999973, 1737
928, 100, -11.699999999999982, 1682
929, 101, -9.99999999999998, 1704
930, 117, -15.299999999999976, 1690
931, 290, -32.50000000000017, 1685
932, 414, -43.100000000000314, 1697
933, 92, -9.099999999999984, 1703
934, 146, -20.30000000000004, 1668
935, 441, -52.10000000000041, 1700
936, 160, -15.89999999999996, 1700
937, 143, -14.199999999999966, 1679
938, 94, -9.299999999999983, 1700
939, 119, -14.499999999999975, 1725
940, 158, -15.69999999999996, 1749
941, 74, -9.19999999999999, 1681
942, 140, -13.899999999999967, 1713
943, 441, -44.900000000000354, 1683
944, 114, -11.299999999999976, 1704
945, 118, -11.699999999999974, 1793
946, 101, -9.99999999999998, 1711
947, 441, -46.70000000000038, 1686
948, 103, -16.79999999999999, 1720
949, 144, -14.299999999999965, 1736
950, 143, -14.199999999999966, 1710
951, 94, -9.299999999999983, 1732
952, 186, -20.299999999999994, 1688
953, 441, -44.900000000000354, 1690
954, 109, -10.799999999999978, 1678
955, 186, -19.4, 1655
956, 91, -8.999999999999984, 1712
957, 120, -11.899999999999974, 1756
958, 94, -9.299999999999983, 1703
959, 104, -10.29999999999998, 1707
960, 118, -11.699999999999974, 1694
961, 100, -10.799999999999978, 1730
962, 91, -8.999999999999984, 2051
963, 107, -10.599999999999978, 1811
964, 441, -44.000000000000355, 1692
965, 118, -11.699999999999974, 1795
966, 115, -14.099999999999973, 1755
967, 122, -12.099999999999973, 1768
968, 163, -16.19999999999996, 1786
969, 441, -44.90000000000037, 1761
970, 120, -12.79999999999997, 1705
971, 106, -11.399999999999979, 1742
972, 101, -9.99999999999998, 1723
973, 441, -61.100000000000435, 1730
974, 112, -12.899999999999977, 1731
975, 274, -27.300000000000118, 1852
976, 134, -13.299999999999969, 1811
977, 98, -9.699999999999982, 1823
978, 99, -9.799999999999981, 1724
979, 182, -19.999999999999986, 1726
980, 208, -20.700000000000024, 1686
981, 241, -26.800000000000104, 1793
982, 102, -10.09999999999998, 1673
983, 90, -8.899999999999984, 1717
984, 198, -19.70000000000001, 1718
985, 121, -12.89999999999997, 1717
986, 104, -12.999999999999973, 1748
987, 95, -9.399999999999983, 1778
988, 110, -16.699999999999985, 1717
989, 441, -44.000000000000355, 1695
990, 156, -17.39999999999997, 1706
991, 149, -15.699999999999964, 1713
992, 93, -9.199999999999983, 1745
993, 92, -10.899999999999984, 1742
994, 117, -15.199999999999969, 1745
995, 303, -30.20000000000016, 1740
996, 191, -20.799999999999997, 1694
997, 109, -11.699999999999978, 1708
998, 112, -11.999999999999973, 1756
999, 140, -15.699999999999967, 1730
1000, 120, -12.79999999999997, 1686